id	name	tags
256	Alloy Bow II	ore;thunder
288	Aloy's War Bow	thunder
268	Anja Arch III	anjanath;fire
258	Archer's Dance III	kulu-ya-ku;blast
267	Datura String III	pukei-pukei;blast
508	Decay Gold Piercer	kulve;taroth;dragon
270	Dragonbone Bow III
507	Gold Blast Piercer	kulve;taroth;blast
307	Gold Thunder Piercer	kulve;taroth;thunder
517	Gold Water Piercer	kulve;taroth;water
509	Horn Gold Piercer	kulve;taroth;ice
264	Hunter's Proudbow II	bone;water
510	King Gold Piercer	kulve;taroth;fire
260	Princess Arrow III	rathian;dragon
511	Queen Gold Piercer	kulve;taroth;dragon
512	Rage Gold Piercer	kulve;taroth;fire
513	Spark Gold Piercer	kulve;taroth;thunder
514	Spew Gold Piercer	kulve;taroth;blast
515	Stream Gold Piercer	kulve;taroth;ice
516	Thief Gold Piercer	kulve;taroth;blast
262	Water Shot III	jyuratodus;water
269	Flying Kadachi Strikebow	tobi-kadachi;thunder
265	Hazak Velos II	vaal;hazak;dragon
261	Rathslinger III	rathalos;fire
358	Taroth Arrow "Decay	kulve;taroth;dragon
506	Taroth Arrow "Horn	kulve;taroth;ice
359	Taroth Arrow "King	kulve;taroth;fire
504	Taroth Arrow "Queen	kulve;taroth;dragon
505	Taroth Arrow "Rage	kulve;taroth;fire
502	Taroth Arrow "Spark	kulve;taroth;thunder
503	Taroth Arrow "Spew	kulve;taroth;blast
501	Taroth Arrow "Stream	kulve;taroth;ice
360	Taroth Arrow "Thief	kulve;taroth;blast
287	Villainous Brace	deviljho;dragon
266	Cera Coilbender	diablos;ice
271	Daora's Sagittarii	kushala;blacksteel;ice
257	Doom's Shaft	nergigante;dragon
259	Giracles	uragaan;fire
273	Great Hunter's Bow	workshop;blast
263	Legia Snowfletcher	legiana;ice
308	Taroth Arrow "Blast"	kulve;taroth;blast
411	Taroth Arrow "Thunder"	kulve;taroth;thunder
357	Taroth Arrow "Water"	kulve;taroth;water
272	Xeno Metora	xeno'jiva;dragon
681	Empress Arrow "Blaze"	lunastra;blast
682	Empress Arrow "Ruin"	lunastra;blast
683	Empress Arrow "Styx"	lunastra;blast
180	Chrome Guardian II	ore;thunder
518	Claw Gold Cutter	kulve;taroth;fire
519	Crusher Gold Cutter	kulve;taroth;blast
344	Decay Gold Cutter	kulve;taroth;dragon
194	Dragonbone Cutter III	dragon
184	Gigafrost II	legiana;ice
190	Girros Nadja III	great;girros;paralysis
317	Glutton Gold Cutter	kulve;taroth;sleep
521	Gold Ice Cutter	kulve;taroth;ice
296	Gold Sleep Cutter	kulve;taroth;sleep
526	Gold Thunder Cutter	kulve;taroth;thunder
520	Horn Gold Cuter	kulve;taroth;ice
188	Jagras Escudo III	great;jagras;sleep
183	Jyura Depth III	jyuratodus;water
192	Kadachi Kaina III	tobi-kadachi;thunder
522	King Gold Cutter	kulve;taroth;fire
186	Mighty Strongarm II	bone;blast
523	Mire Gold Cutter	kulve;taroth;water
524	Numb Gold Cutter	kulve;taroth;paralysis
525	Spark Gold Cutter	kulve;taroth;thunder
185	Dear Hacatelia	rathian;poison
187	Diablos Tyrannis II	ice
189	Gama Silt II	dodogama;blast
182	Halberion Blade	rathalos;fire
191	Hazak Aspida II	vaal;dragon
283	Oppressor's Charge Blade	deviljho;dragon
498	Taroth Strongarm "Claw"	kulve;taroth;fire
496	Taroth Strongarm "Crusher"	kulve;taroth;blast
497	Taroth Strongarm "Decay"	kulve;taroth;dragon
499	Taroth Strongarm "Glutton"	kulve;taroth;sleep
345	Taroth Strongarm "Horn"	kulve;taroth;ice
347	Taroth Strongarm "King"	kulve;taroth;fire
297	Taroth Strongarm "Mire"	kulve;taroth;water
495	Taroth Strongarm "Numb"	kulve;taroth;paralysis
500	Taroth Strongarm "Spark"	kulve;taroth;thunder
195	Avenging Magda Manus	zorah;magdaros;blast
196	Daora's Thwartoise	blacksteel;kushala;ice
181	Devastation's Thorns	nergigante;dragon
193	Odium	odogaron;fire
346	Taroth Strongarm "Ice"	kulve;taroth;ice
405	Taroth Strongarm "Sleep"	kulve;taroth;sleep
406	Taroth Strongarm "Thunder"	kulve;taroth;thunder
197	Xeno Ra'atz	xeno'jiva;dragon
669	Empress Alma "Blaze"	lunastra;blast
670	Empress Alma "Ruin"	lunastra;blast
671	Empress Alma "Styx"	lunastra;blast
67	Arcanaria III	kulu-ya-ku;sleep
62	Chrome Slicers II	ore;poison
527	Claw Gold Twinblades	kulve;taroth;fire
74	Dark Ripper III	hornetaur;paralysis
64	Dual Destroyers III	tzitzi-ya-ku;thunder
528	Erupter Gold Twinblades	kulve;taroth;fire
331	Flash Gold Twinblades	kulve;taroth;thunder
66	Freeze Chain II	legiana;ice
330	Gold Ice Twinblades	kulve;taroth;ice
533	Gold Poison Twinblades	kulve;taroth;poison
310	Gold Water Twinblades	kulve;taroth;water
529	Horn Gold Twinblades	kulve;taroth;ice
72	Jyura Hatchets III	jyuratodus;water
75	Kadachi Claws III	tobi-kadachi;thunder
530	Lurk Gold Twinblades	kulve;taroth;paralysis
531	Magma Gold Twinblades	kulve;taroth;blast
532	Mire Gold Twinblades	kulve;taroth;water
534	Rage Gold Twinblades	kulve;taroth;fire
309	Spark Gold Twinblades	kulve;taroth;thunder
69	Strong Hatchets II	bone;blast
535	Thief Gold Twinblades	kulve;taroth;sleep
70	Anja Cyclone III	anjanath;fire
71	Diablos Clubs II	ice
77	Enduring Schism	dragonbone;dragon
68	Holy Sabers	workshop;water
73	Lava Cyclone II	lavasioth;fire
79	Magda Ungulae II	zorah;magdaros;blast
332	Taroth Daggers "Claw"	kulve;taroth;fire
489	Taroth Daggers "Erupter"	kulve;taroth;fire
490	Taroth Daggers "Flash"	kulve;taroth;thunder
494	Taroth Daggers "Horn"	kulve;taroth;ice
334	Taroth Daggers "Lurk"	kulve;taroth;paralysis
492	Taroth Daggers "Magma"	kulve;taroth;blast
491	Taroth Daggers "Mire"	kulve;taroth;water
493	Taroth Daggers "Rage"	kulve;taroth;fire
640	Taroth Daggers "Spark"	kulve;taroth;thunder
335	Taroth Daggers "Thief"	kulve;taroth;sleep
277	Wrathful Predation	deviljho;dragon
65	Bazelhawk Rookslayer	bazelgeuse;blast
63	Decimation Claws	nergigante;dragon
80	Fire and Ice	blacksteel;ice;blast
78	Monarch	kirin;thunder
76	Sin	odogaron;fire
333	Taroth Daggers "Ice"	kulve;taroth;ice
391	Taroth Daggers "Poison"	kulve;taroth;poison
392	Taroth Daggers "Water"	kulve;taroth;water
81	Xeno Raqs	xeno'jiva;dragon
651	Empress Daggers "Blaze"	lunastra;blast
652	Empress Daggers "Ruin"	lunastra;blast
653	Empress Daggers "Styx"	lunastra;blast
14	Barroth Shredder III	barroth;paralysis
1	Chrome Razor II	ore;poison
322	Decay Gold Fellsword	kulve;taroth;dragon
16	Dragonbone Cleaver III	dragon
536	Erupter Gold Fellsword	kulve;taroth;fire
4	Frost Blaze II	legiana;ice
10	Giant Jawblade II	bone;ice
290	Glutton Gold Fellsword	kulve;taroth;water
323	Gold Ice Fellsword	kulve;taroth;ice
540	Gold Sleep Fellsword	kulve;taroth;sleep
541	Gold Water Fellsword	kulve;taroth;water
5	Jagras Hacker III	great;jagras;water
537	King Gold Fellsword	kulve;taroth;fire
3	Lightning Punisher III	tzitzi-ya-ku;thunder
321	Magma Gold Fellsword	kulve;taroth;blast
6	Malady's Kiss III	great;girros;paralysis
538	Mud Gold Fellsword	kulve;taroth;paralysis
539	Numb Gold Fellsword	kulve;taroth;paralysis
15	Radobaan Slab III	radobaan;sleep
319	Spew Gold Fellsword	kulve;taroth;poison
320	Tar Gold Fellsword	kulve;taroth;sleep
13	Water Golum III	water
274	Anguish	deviljho;dragon
8	Datura Blaze II	pukei-pukei;poison
12	Gnashing Flammenzahn	anjanath;fire
7	Lava Blaze II	lavasioth;fire
18	Magda Potestas II	zorah;magdaros;blast
487	Taroth Blaze "Decay"	kulve;taroth;dragon
326	Taroth Blaze "Erupter"	kulve;taroth;fire
324	Taroth Blaze "Glutton"	kulve;taroth;water
485	Taroth Blaze "King"	kulve;taroth;fire
327	Taroth Blaze "Magma"	kulve;taroth;blast
488	Taroth Blaze "Mud"	kulve;taroth;paralysis
325	Taroth Blaze "Numb"	kulve;taroth;paralysis
484	Taroth Blaze "Spew"	kulve;taroth;poison
486	Taroth Blaze "Tar"	kulve;taroth;sleep
289	Wyvern Ignition "Impact"	fire
19	Daora's Decimator	blacksteel;kushala;daora;ice
21	Great Wyvern Jawblade	workshop;blast
17	King Thundersword	kirin;thunder
11	Leviathan's Fury	vaal;hazak;dragon
2	Purgation's Atrocity	nergigante;dragon
9	Rathalos Glinsword	fire
299	Taroth Blaze "Ice"	kulve;taroth;ice
329	Taroth Blaze "Sleep"	kulve;taroth;sleep
328	Taroth Blaze "Water"	kulve;taroth;water
20	Xeno Maliq	xeno'jiva;dragon
642	Empress Galea "Blaze"	lunastra;blast
643	Empress Galea "Ruin"	lunastra;blast
644	Empress Galea "Styx"	lunastra;blast
156	Anja Cannon III	anjanath;fire
155	Barroth Blaster III	barroth;paralysis
542	Bomber Gold Exploder	kulve;taroth;blast
143	Chrome Gunlance II	ore;blast
153	Deathfang Gunlance III	great;girros;paralysis
314	Decay Gold Exploder	kulve;taroth;dragon
157	Dragonbone Gunlance III	dragonbone;dragon
543	Glutton Gold Exploder	kulve;taroth;sleep
152	Glutton Gunlance III	great;jagras;sleep
305	Gold Poison Exploder	kulve;taroth;poison
548	Gold Sleep Exploder	kulve;taroth;sleep
550	Gold Water Exploder	kulve;taroth;water
150	Great Bone Gunlance II	bone;thunder
148	Jyura Buster III	jyuratodus;water
316	King Gold Exploder	kulve;taroth;fire
544	Mire Gold Exploder	kulve;taroth;water
545	Mud Gold Exploder	kulve;taroth;paralysis
546	Numb Gold Exploder	kulve;taroth;paralysis
547	Rage Gold Exploder	kulve;taroth;fire
147	Royal Burst	rathian;poison
315	Spark Gold Exploder	kulve;taroth;thunder
549	Stream Gold Exploder	kulve;taroth;ice
151	Bazel Buster II	bazelgeuse;blast
154	Hazak Spysa II	vaal;hazak;dragon
281	Insatiable Gunlance	deviljho;dragon
149	Legiana Cannon II	legiana;ice
145	Mythic Kadachi Striker	tobi-kadachi;thunder
478	Taroth Buster "Bomber"	kulve;taroth;blast
481	Taroth Buster "Decay"	kulve;taroth;dragon
483	Taroth Buster "Glutton"	kulve;taroth;sleep
479	Taroth Buster "King"	kulve;taroth;fire
480	Taroth Buster "Mire"	kulve;taroth;water
342	Taroth Buster "Mud"	kulve;taroth;paralysis
476	Taroth Buster "Numb"	kulve;taroth;paralysis
343	Taroth Buster "Rage"	kulve;taroth;fire
477	Taroth Buster "Spark"	kulve;taroth;thunder
475	Taroth Buster "Stream"	kulve;taroth;ice
146	Blue Chariot	rathalos;fire
159	Daora's Brigia	kushala;daora;ice
158	Earthshaker Magda Lahat	zorah;magdaros;blast
144	Eradication Flame	nergigante;dragon
400	Taroth Buster "Poison"	kulve;taroth;poison
399	Taroth Buster "Sleep"	kulve;taroth;sleep
401	Taroth Buster "Water"	kulve;taroth;water
160	Xeno Hemta	xeno'jiva;dragon
663	Empress Howl "Blaze"	lunastra;blast
664	Empress Howl "Ruin"	lunastra;blast
665	Empress Howl "Styx"	lunastra;blast
97	Anja Striker III	anjanath;fire
92	Baan Strike III	radobaan;sleep
96	Barroth Breaker III	barroth;paralysis
94	Crushing Beak III	kulu-ya-ku;sleep
302	Decay Gold Bludgeon	kulve;taroth;dragon
98	Dragonbone Basher III	dragonbone;dragon
553	Gold Ice Bludgeon	kulve;taroth;ice
301	Gold Thunder Bludgeon	kulve;taroth;thunder
336	Gold Water Bludgeon	kulve;taroth;water
90	Grandrock II	bone;thunder
551	Gyre Gold Bludgeon	kulve;taroth;fire
552	Horn Gold Bludgeon	kulve;taroth;ice
83	Iron Archdemon II	ore;blast
89	Lightning Bash III	tobi-kadachi;thunder
87	Malady's Fist III	great;girros;paralysis
338	Mud Gold Bludgeon	kulve;taroth;paralysis
337	Numb Gold Bludgeon	kulve;taroth;paralysis
554	Rage Gold Bludgeon	kulve;taroth;fire
555	Spew Gold Bludgeon	kulve;taroth;poison
556	Tar Gold Bludgeon	kulve;taroth;sleep
557	Thief Gold Bludgeon	kulve;taroth;sleep
86	Water Basher III	jyuratodus;water
93	Brazenbreak II	uragaan;fire
88	Buona Flora	pukei-pukei;poison
85	Cocytus	workshop;ice
278	Devil's Crush	deviljho;dragon
95	Diablos Shatterer II	diablos;ice
472	Taroth Hammer "Decay"	kulve;taroth;dragon
473	Taroth Hammer "Gyre"	kulve;taroth;fire
340	Taroth Hammer "Horn"	kulve;taroth;ice
474	Taroth Hammer "Mud"	kulve;taroth;paralysis
470	Taroth Hammer "Numb"	kulve;taroth;paralysis
341	Taroth Hammer "Rage"	kulve;taroth;fire
311	Taroth Hammer "Spew"	kulve;taroth;poison
471	Taroth Hammer "Tar"	kulve;taroth;sleep
300	Taroth Hammer "Thief"	kulve;taroth;sleep
102	Binder Mace	workshop;paralysis
100	Daora's Colossus	blacksteel;kushala;daora;ice
84	Obliteration's Footfall	nergigante;dragon
91	Pandemonium's Root	vaal;hazak;dragon
99	Ragefire Magda Floga	zorah;magdaros;blast
393	Taroth Hammer "Ice"	kulve;taroth;ice
394	Taroth Hammer "Thunder"	kulve;taroth;thunder
339	Taroth Hammer "Water"	kulve;taroth;water
101	Xeno Maph'agarna	xeno'jiva;dragon
654	Empress Mace "Blaze"	lunastra;blast
655	Empress Mace "Ruin"	lunastra;blast
656	Empress Mace "Styx"	lunastra;blast
241	Arma Destroyer III	tzitzi-ya-ku
248	Baan Roar III	radobaan
238	Chrome Assault II	ore
559	Crusher Gold Cannon	kulve;taroth
247	Datura Blaster III	pukei-pukei
251	Dragonbone Cannon III	dragonbone
560	Flash Gold Cannon	kulve;taroth
349	Glutton Gold Cannon	kulve;taroth
558	Gold Blast Cannon	kulve;taroth
562	Gold Icewater Cannon	kulve;taroth
350	Gold Support Cannon	kulve;taroth
561	Horn Gold Cannon	kulve;taroth
250	Kadachi Lion III	tobi-kadachi
563	Magma Gold Cannon	kulve;taroth
245	Power Shooter II	bone
351	Rage Gold Cannon	kulve;taroth
348	Spark Gold Cannon	kulve;taroth
564	Spew Gold Cannon	kulve;taroth
352	Tar Gold Cannon	kulve;taroth
240	Water Cannon III	jyuratodus
286	Dark Devourer	deviljho
249	Gama Cannon II	dodogama
243	Gluttonous Fangcannon	great;jagras
244	Gnashing Flammenkanone	anjanath
253	Magda Gemitus II	zorah;magdaros
467	Taroth Assault "Crusher"	kulve;taroth
463	Taroth Assault "Flash"	kulve;taroth
465	Taroth Assault "Glutton"	kulve;taroth
353	Taroth Assault "Horn"	kulve;taroth
469	Taroth Assault "Magma"	kulve;taroth
468	Taroth Assault "Rage"	kulve;taroth
464	Taroth Assault "Spark"	kulve;taroth
354	Taroth Assault "Spew"	kulve;taroth
466	Taroth Assault "Tar"	kulve;taroth
239	Destruction's Fusillade	nergigante
246	Griffon Blazooka	diablos
242	Legia Shattercryst	legiana
252	Quickquiver	kirin
355	Taroth Assault "Blast"	kulve;taroth
356	Taroth Assault "Icewater"	kulve;taroth
410	Taroth Assault "Support"	kulve;taroth
254	Teostra's Flames	blacksteel;teostra
255	Xeno Jiiqa	xeno'jiva
678	Empress Cannon "Blaze"	lunastra
679	Empress Cannon "Ruin"	lunastra
680	Empress Cannon "Styx"	lunastra
113	Anja Barone III	anjanath;fire
118	Baan Horn III	radobaan;sleep
368	Buzzer Gold Flute	kulve;taroth;paralysis
371	Crusher Gold Flute	kulve;taroth;blast
107	Dancing Davul III	kulu-ya-ku;sleep
114	Datura Horn III	pukei-pukei;poison
119	Dragonbone Auldhorn III	dragonbone;dragon
369	Drifter Gold Flute	kulve;taroth;water
104	Fortissimo II	ore;paralysis
295	Gold Dragon Flute	kulve;taroth;dragon
565	Gold Paralysis Flute	kulve;taroth;paralysis
370	Gold Water Flute	kulve;taroth;water
111	Heavy Bone Horn II	bone;ice
106	Lightning Drum III	tobi-kadachi;thunder
115	Lumu Barone III	paolumu;water
372	Myth Gold Flute	kulve;taroth;thunder
566	Rage Gold Flute	kulve;taroth;fire
567	Spew Gold Flute	kulve;taroth;poison
312	Stream Gold Flute	kulve;taroth;ice
568	Tar Gold Flute	kulve;taroth;sleep
569	Thief Gold Flute	kulve;taroth;sleep
109	Water Tamtam III	jyuratodus;water
279	Deep Vero	deviljho;dragon
112	Gama Horn II	dodogama;blast
110	Legia Sectored	legiana;ice
117	Queen Vespoid Horn	vespoid;paralysis
108	Royal Chordmaker	rathian;fire
458	Taroth Pipe "Buzzer"	kulve;taroth;paralysis
461	Taroth Pipe "Crusher"	kulve;taroth;blast
460	Taroth Pipe "Drifter"	kulve;taroth;water
456	Taroth Pipe "Myth"	kulve;taroth;thunder
303	Taroth Pipe "Rage"	kulve;taroth;fire
373	Taroth Pipe "Spew"	kulve;taroth;poison
457	Taroth Pipe "Stream"	kulve;taroth;ice
462	Taroth Pipe "Tar"	kulve;taroth;sleep
459	Taroth Pipe "Thief"	kulve;taroth;sleep
120	Thunderbolt Horn II	kirin;thunder
105	Desolation's Overture	nergigante;dragon
116	Razelreid Rookslayer	bazelgeuse;blast
374	Taroth Pipe "Dragon"	kulve;taroth;dragon
396	Taroth Pipe "Paralysis"	kulve;taroth;paralysis
395	Taroth Pipe "Water"	kulve;taroth;water
121	Teostra's Orph√©e	blacksteel;teostra
122	Xeno Manasheena	xeno'jiva;dragon
657	Empress Roar "Blaze"	lunastra;blast
658	Empress Roar "Ruin"	lunastra;blast
659	Empress Roar "Styx"	lunastra;blast
206	Aerial Rod II	bone;paralysis
198	Chrome Blade II	ore;blast
570	Claw Gold Naginata	kulve;taroth;fire
571	Crusher Gold Naginata	kulve;taroth;blast
204	Datura Blade III	pukei-pukei;poison
572	Decay Gold Naginata	kulve;taroth;dragon
202	Destroyer Bo III	tzitzi-ya-ku;thunder
213	Dragonbone Glaive III	dragonbone;dragon
573	Flash Gold Naginata	kulve;taroth;thunder
203	Freeze Gale II	legiana;ice
575	Gold Ice Naginata	kulve;taroth;ice
577	Gold Paralysis Naginata	kulve;taroth;paralysis
581	Gold Water Naginata	kulve;taroth;water
574	Horn Gold Naginata	kulve;taroth;ice
211	Kadachi Pillar III	tobi-kadachi;thunder
576	King Gold Naginata	kulve;taroth;fire
578	Spark Gold Naginata	kulve;taroth;thunder
579	Spew Gold Naginata	kulve;taroth;poison
580	Thief Gold Naginata	kulve;taroth;sleep
209	Water Glaive III	jyuratodus;water
201	Ya-Ku Wrath III	kulu-ya-ku;sleep
200	Firedance Rathmaul	rathalos;fire
205	Gama Cane II	dodogama;blast
208	Gnashing Flammenkaefer	anjanath;fire
284	Grunge Storm	deviljho;dragon
207	Hazak Entoma II	vaal;hazak;dragon
451	Taroth Glaive "Claw"	kulve;taroth;fire
450	Taroth Glaive "Crusher"	kulve;taroth;blast
448	Taroth Glaive "Decay"	kulve;taroth;dragon
454	Taroth Glaive "Flash"	kulve;taroth;thunder
455	Taroth Glaive "Horn"	kulve;taroth;ice
453	Taroth Glaive "King"	kulve;taroth;fire
452	Taroth Glaive "Spark"	kulve;taroth;thunder
386	Taroth Glaive "Spew"	kulve;taroth;poison
449	Taroth Glaive "Thief"	kulve;taroth;sleep
210	Tyrannis Glaive II	diablos;ice
199	Catastrophe's Light	nergigante;dragon
215	Daora's Tethidine	blacksteel;kushala;daora;ice
385	Taroth Glaive "Ice"	kulve;taroth;ice
306	Taroth Glaive "Paralysis"	kulve;taroth;paralysis
298	Taroth Glaive "Water"	kulve;taroth;water
214	Verdant Levin	kirin;thunder
212	Vice	odogaron;fire
216	Xeno Shmaena	xeno'jiva;dragon
672	Empress Cane "Blaze"	lunastra;blast
673	Empress Cane "Ruin"	lunastra;blast
674	Empress Cane "Styx"	lunastra;blast
134	Barroth Stinger III	barroth;paralysis
123	Chrome Lance	ore;paralysis
313	Claw Gold Defender	kulve;taroth;fire
582	Crusher Gold Defender	kulve;taroth;blast
133	Dark Stinger III	hornetaur;paralysis
129	Datura Pike III	pukei-pukei;poison
304	Decay Gold Defender	kulve;taroth;dragon
137	Dragonbone Lance III	dragonbone;dragon
586	Gold Sleep Defender	kulve;taroth;sleep
590	Gold Thunder Defender	kulve;taroth;thunder
591	Gold Water Defender	kulve;taroth;water
131	Heavy Bone Lance II	bone;poison
583	King Gold Defender	kulve;taroth;fire
126	Kula Hasta III	kulu-ya-ku;sleep
128	Lightning Spire III	tobi-kadachi;thunder
584	Lurk Gold Defender	kulve;taroth;blast
585	Mud Gold Defender	kulve;taroth;paralysis
587	Spew Gold Defender	kulve;taroth;poison
588	Stream Gold Defender	kulve;taroth;ice
589	Thief Gold Defender	kulve;taroth;sleep
136	Water Spike III	jyuratodus;water
280	Fiendish Tower	deviljho;dragon
127	Gama Pilebunker II	dodogama;blast
135	Garon Dhara II	odogaron;fire
125	Legiana Halberd II	legiana;ice
375	Taroth Crest "Claw"	kulve;taroth
376	Taroth Crest "Crusher"	kulve;taroth;blast
444	Taroth Crest "Decay"	kulve;taroth;dragon
378	Taroth Crest "King"	kulve;taroth;fire
443	Taroth Crest "Lurk"	kulve;taroth;blast
447	Taroth Crest "Mud"	kulve;taroth;paralysis
445	Taroth Crest "Spew"	kulve;taroth;poison
377	Taroth Crest "Stream"	kulve;taroth;ice
446	Taroth Crest "Thief"	kulve;taroth;sleep
138	Bazel Myniad Rookslayer	bazelgeuse;blast
130	Blue Prominence	rathalos;fire
140	Daora's Fang	blacksteel;kushala;daora;ice
142	Elder Babel Spear	workshop;fire
132	Love's Sorrow	vaal;hazak;dragon
124	Perdition's Hand	nergigante;dragon
398	Taroth Crest "Sleep"	kulve;taroth;sleep
380	Taroth Crest "Thunder"	kulve;taroth;thunder
397	Taroth Crest "Water"	kulve;taroth;water
139	Thunderpiercer	kirin;thunder
141	Xeno Zauta	xeno'jiva;dragon
660	Empress Lance "Blaze"	lunastra;blast
661	Empress Lance "Ruin"	lunastra;blast
662	Empress Lance "Styx"	lunastra;blast
227	Anja Buster III	anjanath
230	Barroth Shot III	barroth
592	Bomber Gold Razer	kulve;taroth
593	Claw Gold Razer	kulve;taroth
217	Cross Blitz II	ore
594	Decay Gold Razer	kulve;taroth
232	Dragonbone Bowgun III	dragonbone
595	Drifter Gold Razer	kulve;taroth
596	Erupter Gold Razer	kulve;taroth
224	Frost Blitz II	legiana
597	Glutton Gold Razer	kulve;taroth
601	Gold Peirce Razer	kulve;taroth
318	Gold Pierce Razer	kulve;taroth
602	Gold Shot Razer	kulve;taroth
603	Gold Spread Razer	kulve;taroth
221	Jagras Fire	great;jagras
228	Jyura Bullet III	jyuratodus
598	King Gold Razer	kulve;taroth
223	Lightning Blitz III	tobi-kadachi
219	Lumu Typhon III	paolumu
599	Mire Gold Razer	kulve;taroth
600	Mud Gold Razer	kulve;taroth
387	Rage Gold Razer	kulve;taroth
225	Sniper Shot II	bone
220	Bazel Typhoon II	bazelgeuse
285	Devil's Madness	deviljho
229	Lava Bullet II	lavasioth
222	Rathbuster II	rathalos
438	Taroth Blitz "Bomber"	kulve;taroth
434	Taroth Blitz "Claw"	kulve;taroth
439	Taroth Blitz "Decay"	kulve;taroth
388	Taroth Blitz "Drifter"	kulve;taroth
435	Taroth Blitz "Erupter"	kulve;taroth
440	Taroth Blitz "Glutton"	kulve;taroth
436	Taroth Blitz "King"	kulve;taroth
437	Taroth Blitz "Mire"	kulve;taroth
441	Taroth Blitz "Mud"	kulve;taroth
442	Taroth Blitz "Rage"	kulve;taroth
218	Cataclysm's Trigger	nergigante
233	Dai-Onigashima	workshop;bazelgeuse
235	Daora's Hornet	kushala;daora
237	Great Bowgun	workshop
226	Gulogleth's Wail	vaal;hazak
231	Karma	odogaron
234	Mythical Three-Horn	kirin
408	Taroth Blitz "Pierce"	kulve;taroth
409	Taroth Blitz "Shot"	kulve;taroth
407	Taroth Blitz "Spread"	kulve;taroth
236	Xeno Nequiina	xeno'jiva
675	Empress Shell "Blaze"	lunastra
676	Empress Shell "Ruin"	lunastra
677	Empress Shell "Styx"	lunastra
31	Anja Scimitar III	anjanath;fire
29	Bone Reaper II	bone;sleep
36	Dark Scimitar III	hornetaur;paralysis
24	Dazzling Flash III	tzitzi-ya-ku;thunder
604	Decay Gold Katana	kulve;taroth;dragon
32	Dipterus III	jyuratodus;water
37	Dragonbone Stabber III	dragonbone;dragon
605	Flash Gold Katana	kulve;taroth;thunder
291	Gold Paralysis Katana	kulve;taroth;paralysis
610	Gold Poison Katana	kulve;taroth;poison
615	Gold Water Katana	kulve;taroth;water
606	Gyre Gold Katana	kulve;taroth;fire
22	Iron Gospel II	ore;water
34	Kadachi Fang III	tobi-kadachi;thunder
25	Last Dance III	kulu-ya-ku;sleep
607	Lurk Gold Katana	kulve;taroth;paralysis
608	Magma Gold Katana	kulve;taroth;blast
609	Mire Gold Katana	kulve;taroth;water
611	Rage Gold Katana	kulve;taroth;fire
612	Spark Gold Katana	kulve;taroth;thunder
613	Stream Gold Katana	kulve;taroth;ice
614	Thief Gold Katana	kulve;taroth;sleep
641	Azure Star "Dragon Dance"	water
26	Brazenridge II	uragaan;fire
33	Hazak Grosser II	vaal;hazak;dragon
38	Magda Facultas II	zorah;magdaros;blast
275	Reaver "Calamity"	deviljho;dragon
366	Taroth Sword "Decay"	kulve;taroth;dragon
430	Taroth Sword "Flash"	kulve;taroth;thunder
362	Taroth Sword "Gyre"	kulve;taroth;fire
363	Taroth Sword "Lurk"	kulve;taroth;paralysis
428	Taroth Sword "Magma"	kulve;taroth;blast
361	Taroth Sword "Mire"	kulve;taroth;water
429	Taroth Sword "Rage"	kulve;taroth;fire
431	Taroth Sword "Spark"	kulve;taroth;thunder
433	Taroth Sword "Stream"	kulve;taroth;ice
432	Taroth Sword "Thief"	kulve;taroth;sleep
27	Wyvern Blade "Holly"	rathian;poison
30	Bazel Varga Rookslayer	bazelgeuse;blast
41	Divine Slasher	workshop;dragon
23	Extermination's Edge	nergigante;dragon
39	Imperial Shimmer	blacksteel;teostra;blast
35	Legia Stealer	legiana;ice
389	Taroth Sword "Paralysis"	kulve;taroth;paralysis
364	Taroth Sword "Poison"	kulve;taroth;poison
365	Taroth Sword "Water"	kulve;taroth;water
28	Wyvern Blade "Indigo"	rathalos;fire
40	Xeno Cypher	xeno'jiva;dragon
645	Empress Sword "Blaze"	lunastra;blast
646	Empress Sword "Ruin"	lunastra;blast
647	Empress Sword "Styx"	lunastra;blast
173	Barroth Grinder III	barroth;paralysis
616	Bomber Gold Chopper	kulve;taroth;blast
617	Decay Gold Chopper	kulve;taroth;dragon
176	Dragonbone Slicer III	dragonbone;dragon
618	Drifter Gold Chopper	kulve;taroth;blast
619	Glutton Gold Chopper	kulve;taroth;sleep
625	Gold Paralysis Chopper	kulve;taroth;paralysis
626	Gold Sleep Chopper	kulve;taroth;sleep
628	Gold Thunder Chopper	kulve;taroth;thunder
620	Gyre Gold Chopper	kulve;taroth;fire
621	Horn Gold Chopper	kulve;taroth;ice
166	Jagras Raider III	great;jagras;sleep
622	King Gold Chopper	kulve;taroth;fire
164	Lightning Chopper III	tobi-kadachi;thunder
623	Mire Gold Chopper	kulve;taroth;water
624	Mud Gold Chopper	kulve;taroth;paralysis
161	Perfected Alloy Axe II	ore;poison
169	Power Smasher II	bone
627	Stream Gold Chopper	kulve;taroth;ice
167	Bazel Raider II	bazelgeuse;blast
175	Gnashing Flammenbeil	anjanath;fire
170	Hazak Demios II	vaal;hazak;dragon
171	Jyura Drought III	jyuratodus;water
163	Legia Frostreaver	legiana;ice
172	Lumu Smasher III	paolumu;blast
165	Motor Chopper II	uragaan;fire
168	Rathbringer Axe II	rathalos;fire
381	Taroth Axe "Bomber"	kulve;taroth;blast
426	Taroth Axe "Decay"	kulve;taroth;dragon
384	Taroth Axe "Drifter"	kulve;taroth
424	Taroth Axe "Glutton"	kulve;taroth;sleep
422	Taroth Axe "Gyre"	kulve;taroth;fire
383	Taroth Axe "Horn"	kulve;taroth;ice
425	Taroth Axe "King"	kulve;taroth;fire
423	Taroth Axe "Mire"	kulve;taroth;water
382	Taroth Axe "Mud"	kulve;taroth;paralysis
427	Taroth Axe "Stream"	kulve;taroth;ice
282	Terror Tyrannos	deviljho;dragon
174	Axe of Demons	diablos;ice
162	Dying Light	nergigante;dragon
177	Kirin Thunderpeal	kirin;thunder
402	Taroth Axe "Paralysis"	kulve;taroth;paralysis
403	Taroth Axe "Sleep"	kulve;taroth;sleep
404	Taroth Axe "Thunder"	kulve;taroth;thunder
178	Teostra's Castle	blacksteel;teostra;blast
179	Xeno Martshu	xeno'jiva;dragon
666	Empress Axe "Blaze"	lunastra;blast
667	Empress Axe "Ruin"	lunastra;blast
668	Empress Axe "Styx"	lunastra;blast
53	Baan Claw III	radobaan;sleep
56	Barroth Club II	barroth;paralysis
42	Chrome Slicer II	ore;sleep
50	Datura Blossom III	pukei-pukei;poison
58	Dragonbone Sword III	dragonbone;dragon
630	Drifter Gold Scimitar	kulve;taroth;blast
631	Glutton Gold Scimitar	kulve;taroth;water
293	Gold Blast Scimitar	kulve;taroth;blast
629	Gold Dragon Scimtar	kulve;taroth;dragon
639	Gold Water Scimtar	kulve;taroth;water
52	Grand Barong II	bone;paralysis
54	Jagras Garotte III	great;jagras;water
632	King Gold Scimitar	kulve;taroth;fire
55	Lightning Nemesis III	thunder
49	Lumu Tabar III	paolumu;blast
51	Malady's Tabar III	great;girros;paralysis
633	Mud Gold Scimitar	kulve;taroth;paralysis
634	Myth Gold Scimitar	kulve;taroth;thunder
635	Numb Gold Scimtar	kulve;taroth;paralysis
636	Rage Gold Scimitar	kulve;taroth;fire
46	Rogue Wave III	water
292	Spew Gold Scimitar	kulve;taroth
637	Stream Gold Scimitar	kulve;taroth;ice
638	Tar Gold Scimitar	kulve;taroth;sleep
44	Corona	rathalos;fire
276	Fatal Bite	deviljho;dragon
57	Gnashing Flammensucher	anjanath;fire
45	Master Bang	workshop;thunder
48	Royal Rose	rathian;poison
415	Taroth Slicer "Drifter"	kulve;taroth;blast
419	Taroth Slicer "Glutton"	kulve;taroth;water
417	Taroth Slicer "King"	kulve;taroth;fire
421	Taroth Slicer "Mud"	kulve;taroth;paralysis
414	Taroth Slicer "Myth"	kulve;taroth;thunder
413	Taroth Slicer "Numb"	kulve;taroth;paralysis
420	Taroth Slicer "Rage"	kulve;taroth;fire
416	Taroth Slicer "Spew"	kulve;taroth;poison
412	Taroth Slicer "Stream"	kulve;taroth;ice
418	Taroth Slicer "Tar"	kulve;taroth;sleep
59	Thunderbolt Sword	kirin;thunder
43	Eradication Vanguard	nergigante;dragon
47	Legia Rimespire	legiana;ice
294	Taroth Slicer "Blast"	kulve;taroth;blast
390	Taroth Slicer "Dragon"	kulve;taroth;dragon
367	Taroth Slicer "Water"	kulve;taroth;water
60	Teostra's Emblem	blacksteel;teostra;blast
61	Xeno Mabura	xeno'jiva;dragon
648	Empress Edge "Blaze"	lunastra;blast
649	Empress Edge "Ruin"	lunastra;blast
650	Empress Edge "Styx"	lunastra;blast
